485908,78489.08000000,0.00008000,6.27912640,1777852837079633,True,True
485909,78375.82000000,0.00008000,6.27006560,1777854096027264,True,True
485910,78334.84000000,0.00008000,6.26678720,1777854476603815,False,True
485911,78383.90000000,0.00031000,24.29900900,1777856033646357,True,True
485912,78602.50000000,0.00008000,6.28820000,1777858213024901,False,True
485913,78716.09000000,0.00008000,6.29728720,1777858256523751,False,True
485914,78829.84000000,0.00008000,6.30638720,1777858303496812,False,True
485915,78943.76000000,0.00008000,6.31550080,1777858353084321,False,True
485916,79057.84000000,0.00008000,6.32462720,1777858370272371,False,True
485917,78955.06000000,0.01587000,1253.01680220,1777858432340744,True,True
485918,78955.06000000,0.00001000,0.78955060,1777858432340748,True,True
485919,78763.71000000,0.00251000,197.69691210,1777858641457543,True,True
485920,78801.07000000,0.00029000,22.85231030,1777859106398227,False,True
485921,78959.77000000,0.00063000,49.74465510,1777859426253321,False,True
485922,78959.78000000,0.00063000,49.74466140,1777859426319010,False,True
485923,79023.63000000,0.00063000,49.78488690,1777859464562465,False,True
485924,79057.84000000,0.00008000,6.32462720,1777859465030182,False,True
485925,79118.72000000,0.00063000,49.84479360,1777859475359459,False,True
485926,79172.09000000,0.00008000,6.33376720,1777859480513415,False,True
485927,79194.23000000,0.00297000,235.20686310,1777859673942725,False,True
485928,79194.23000000,0.00297000,235.20686310,1777859673943330,False,True
485929,79194.23000000,0.00297000,235.20686310,1777859674032341,False,True
485930,79286.50000000,0.00008000,6.34292000,1777859757273114,False,True
485931,79401.08000000,0.00009000,7.14609720,1777859757273114,False,True
485932,79515.82000000,0.00009000,7.15642380,1777859758473089,False,True
485933,79560.41000000,0.00445000,354.04382450,1777859758633053,False,True
485934,79600.00000000,0.00125000,99.50000000,1777859759123904,False,True
485935,79600.00000000,0.00255000,202.98000000,1777859759146424,False,True
485936,79630.73000000,0.00009000,7.16676570,1777859759965241,False,True
485937,79712.21000000,0.00024000,19.13093040,1777859768179398,True,True
485938,79712.21000000,0.00101000,80.50933210,1777859768459168,True,True
485939,79675.76000000,0.00099000,78.87900240,1777859768475279,True,True
485940,79630.73000000,0.00008000,6.37045840,1777859769251913,True,True
485941,79515.82000000,0.00008000,6.36126560,1777859769678513,True,True
485942,79468.59000000,0.01415000,1124.48054850,1777859769678513,True,True
485943,79465.05000000,0.04704000,3738.03595200,1777859769678513,True,True
485944,79460.37000000,0.04769000,3789.46504530,1777859769803886,True,True
485945,79357.75000000,0.00084000,66.66051000,1777859817232789,False,True
485946,79357.76000000,0.00626000,496.77957760,1777859823422975,False,True
485947,79448.36000000,0.01316000,1045.54041760,1777859864183247,True,True
485948,79521.51000000,0.00248000,197.21334480,1777859874027396,False,True
485949,79817.32000000,0.00148000,118.12963360,1777860003510571,False,True
485950,79817.32000000,0.00057000,45.49587240,1777860003510571,False,True
485951,79817.32000000,0.00148000,118.12963360,1777860003510615,False,True
485952,79817.32000000,0.00092000,73.43193440,1777860003510694,False,True
485953,79861.04000000,0.00009000,7.18749360,1777860018686745,False,True
485954,79933.96000000,0.00213000,170.25933480,1777860020904359,False,True
485955,79933.96000000,0.00213000,170.25933480,1777860020904587,False,True
485956,79933.96000000,0.00213000,170.25933480,1777860020904745,False,True
485957,79933.96000000,0.00002000,1.59867920,1777860024864331,False,True
485958,79976.45000000,0.00009000,7.19788050,1777860024869679,False,True
485959,80000.00000000,0.00017000,13.60000000,1777860024872523,False,True
485960,80000.00000000,0.00039000,31.20000000,1777860024872523,False,True
485961,80000.00000000,0.00053000,42.40000000,1777860024872523,False,True
485962,80000.00000000,0.00058000,46.40000000,1777860024872523,False,True
485963,80000.00000000,0.00023000,18.40000000,1777860024901778,False,True
485964,80000.00000000,0.00070000,56.00000000,1777860024901778,False,True
485965,80000.00000000,0.00095000,76.00000000,1777860024901778,False,True
485966,80000.00000000,0.00280000,224.00000000,1777860024920692,False,True
485967,80000.00000000,0.01967000,1573.60000000,1777860024920692,False,True
485968,80000.00000000,0.02497000,1997.60000000,1777860024920738,False,True
485969,80000.00000000,0.19431000,15544.80000000,1777860024920904,False,True
485970,80000.00000000,0.29921000,23936.80000000,1777860024922935,False,True
485971,80000.00000000,0.01157000,925.60000000,1777860024925410,False,True
485972,80000.00000000,0.02247000,1797.60000000,1777860024929374,False,True
485973,80000.00000000,0.02497000,1997.60000000,1777860024930103,False,True
485974,80000.00000000,0.19431000,15544.80000000,1777860024931314,False,True
485975,80000.00000000,0.02247000,1797.60000000,1777860024933301,False,True
485976,80000.00000000,0.29921000,23936.80000000,1777860024933768,False,True
485977,80000.00000000,0.02497000,1997.60000000,1777860024934571,False,True
485978,80000.00000000,0.01371000,1096.80000000,1777860024935586,False,True
485979,80000.00000000,0.02247000,1797.60000000,1777860024936229,False,True
485980,80000.00000000,0.02497000,1997.60000000,1777860024937098,False,True
485981,80000.00000000,0.19431000,15544.80000000,1777860024938293,False,True
485982,80000.00000000,0.20641000,16512.80000000,1777860024938637,False,True
485983,80000.00000000,0.00018000,14.40000000,1777860024938637,False,True
485984,80000.00000000,0.00035000,28.00000000,1777860024938637,False,True
485985,80000.00000000,0.00600000,480.00000000,1777860024938637,False,True
485986,80000.00000000,0.02000000,1600.00000000,1777860024938637,False,True
485987,80000.00000000,0.00014000,11.20000000,1777860024938637,False,True
485988,80000.00000000,0.06613000,5290.40000000,1777860024938637,False,True
485989,80000.00000000,0.01831000,1464.80000000,1777860024945250,False,True
485990,80000.00000000,0.00666000,532.80000000,1777860024945250,False,True
485991,80000.00000000,0.01810000,1448.00000000,1777860024947775,False,True
485992,79976.45000000,0.00008000,6.39811600,1777860028573106,True,True
485993,79932.20000000,0.00624000,498.77692800,1777860033951675,False,True
485994,79745.80000000,0.00008000,6.37966400,1777860077372427,True,True
485995,79667.89000000,0.00379000,301.94130310,1777860122528320,True,True
485996,79861.04000000,0.00008000,6.38888320,1777860583525664,False,True
485997,79930.53000000,0.00250000,199.82632500,1777860969978725,False,True
485998,79902.13000000,0.00063000,50.33834190,1777860972923820,True,True
485999,79814.42000000,0.00063000,50.28308460,1777861069362229,False,True
486000,79879.00000000,0.00150000,119.81850000,1777861123466511,False,True
486001,79881.56000000,0.00248000,198.10626880,1777861243940657,True,True
486002,79807.34000000,0.00109000,86.99000060,1777861360605696,False,True
486003,79807.34000000,0.00381000,304.06596540,1777861360618943,False,True
486004,79745.80000000,0.00008000,6.37966400,1777861488235505,True,True
486005,79861.04000000,0.00008000,6.38888320,1777862198996599,False,True
486006,79976.45000000,0.00008000,6.39811600,1777862453495550,False,True
486007,79987.29000000,0.00091000,72.78843390,1777862453495550,False,True
486008,80004.21000000,0.00062000,49.60261020,1777862453612797,False,True
486009,80016.42000000,0.00062000,49.61018040,1777862454409654,False,True
486010,80192.69000000,0.00062000,49.71946780,1777862461106335,False,True
486011,80190.78000000,0.00032000,25.66104960,1777862461106335,True,True
486012,80207.76000000,0.00010000,8.02077600,1777862461152737,False,True
486013,80231.03000000,0.00062000,49.74323860,1777862461373669,False,True
486014,80284.43000000,0.00246000,197.49969780,1777862474997976,False,True
486015,80099.92000000,0.00246000,197.04580320,1777862498252144,True,True
486016,80152.60000000,0.00956000,766.25885600,1777862633809933,False,True
486017,80153.78000000,0.04732000,3792.87686960,1777862633809933,False,True
486018,80164.39000000,0.00956000,766.37156840,1777862633809933,False,True
486019,80165.99000000,0.00100000,80.16599000,1777862633809933,False,True
486020,80189.35000000,0.03256000,2610.96523600,1777862633809933,False,True
486021,80131.53000000,0.00246000,197.12356380,1777862650595101,False,True
486022,80108.04000000,0.00246000,197.06577840,1777862667688762,True,True
486023,80092.02000000,0.00008000,6.40736160,1777862785391361,True,True
486024,80207.76000000,0.00008000,6.41662080,1777863107974538,False,True
486025,80279.18000000,0.00246000,197.48678280,1777863122545999,False,True
486026,80300.00000000,0.00109000,87.52700000,1777863344881889,False,True
486027,80300.00000000,0.00488000,391.86400000,1777863344938602,False,True
486028,80300.00000000,0.00489000,392.66700000,1777863344938644,False,True
486029,80300.00000000,0.00335000,269.00500000,1777863344997105,False,True
486030,80300.00000000,0.00100000,80.30000000,1777863345007858,False,True
486031,80300.00000000,0.00145000,116.43500000,1777863345013085,False,True
486032,80300.00000000,0.00145000,116.43500000,1777863345013123,False,True
486033,80300.00000000,0.00145000,116.43500000,1777863345013214,False,True
486034,80300.00000000,0.00044000,35.33200000,1777863345021962,False,True
486035,80323.67000000,0.00010000,8.03236700,1777863345119032,False,True
486036,80350.00000000,0.07498000,6024.64300000,1777863345982122,False,True
486037,80326.01000000,0.00099000,79.52274990,1777863365332973,False,True
486038,80331.83000000,0.00140000,112.46456200,1777863365332973,False,True
486039,80322.01000000,0.00100000,80.32201000,1777863375340327,False,True
486040,80322.01000000,0.00099000,79.51878990,1777863375357536,True,True
486041,80322.01000000,0.00041000,32.93202410,1777863375372091,True,True
486042,80329.81000000,0.00018000,14.45936580,1777863450593629,False,True
486043,80092.02000000,0.00008000,6.40736160,1777863691208549,True,True
486044,80074.77000000,0.00062000,49.64635740,1777863691362576,True,True
486045,80034.91000000,0.00024000,19.20837840,1777863729724468,False,True
486046,80000.00000000,0.00980000,784.00000000,1777863738821664,True,True
486047,80014.80000000,0.00054000,43.20799200,1777863823283347,True,True
486048,80206.79000000,0.00062000,49.72820980,1777864028913304,True,True
486049,80135.19000000,0.00029000,23.23920510,1777864072113194,True,True
486050,80135.19000000,0.00027000,21.63650130,1777864072113330,True,True
486051,80135.19000000,0.00006000,4.80811140,1777864072113565,True,True
486052,80094.75000000,0.00018000,14.41705500,1777864072113565,True,True
486053,80115.72000000,0.00410000,328.47445200,1777864083570986,True,True
486054,80178.87000000,0.00241000,193.23107670,1777864095311280,False,True
486055,80178.88000000,0.00062000,49.71090560,1777864095311280,False,True
486056,80200.11000000,0.02101000,1685.00431110,1777864095311280,False,True
486057,80207.76000000,0.00008000,6.41662080,1777864143733764,False,True
486058,80266.17000000,0.00062000,49.76502540,1777864257070662,False,True
486059,80323.67000000,0.00008000,6.42589360,1777864309394490,False,True
486060,80327.13000000,0.00062000,49.80282060,1777864309394490,False,True
486061,80338.45000000,0.00242000,194.41904900,1777864529813159,False,True
486062,80340.44000000,0.00058000,46.59745520,1777864529813159,False,True
486063,80193.78000000,0.00062000,49.72014360,1777864961902953,False,True
486064,80150.47000000,0.00246000,197.17015620,1777864989345885,True,True
486065,80092.02000000,0.00008000,6.40736160,1777865225638130,True,True
486066,80058.95000000,0.00246000,196.94501700,1777865380797241,False,True
486067,80064.55000000,0.00003000,2.40193650,1777865380797241,False,True
486068,80119.31000000,0.00062000,49.67397220,1777865383078665,False,True
486069,80072.49000000,0.00006000,4.80434940,1777865431273143,False,True
486070,80073.82000000,0.00164000,131.32106480,1777865647932388,True,True
486071,80059.14000000,0.00163000,130.49639820,1777865706427146,False,True
486072,80207.76000000,0.00008000,6.41662080,1777866568628996,False,True
486073,80244.66000000,0.00100000,80.24466000,1777866568628996,False,True
486074,80244.82000000,0.01015000,814.48492300,1777866568628996,False,True
486075,80181.11000000,0.00109000,87.39740990,1777866711336381,True,True
486076,80181.11000000,0.00458000,367.22948380,1777866711336387,True,True
486077,80181.11000000,0.00458000,367.22948380,1777866711336528,True,True
486078,80181.11000000,0.00458000,367.22948380,1777866711337064,True,True
486079,80181.11000000,0.00085000,68.15394350,1777866711338153,True,True
486080,80173.69000000,0.00062000,49.70768780,1777866711338153,True,True
486081,80165.87000000,0.00100000,80.16587000,1777866711338153,True,True
486082,80158.64000000,0.00211000,169.13473040,1777866711338153,True,True
486083,80158.64000000,0.00458000,367.12657120,1777866711338610,True,True
486084,80174.38000000,0.00458000,367.19866040,1777866711340403,True,True
486085,80174.38000000,0.00458000,367.19866040,1777866711343123,True,True
486086,80174.38000000,0.00417000,334.32716460,1777866711343141,True,True
486087,80158.64000000,0.00041000,32.86504240,1777866711343141,True,True
486088,80217.63000000,0.00181000,145.19391030,1777866921491423,False,True
486089,80323.67000000,0.00008000,6.42589360,1777867220307562,False,True
486090,80327.13000000,0.00027000,21.68832510,1777867220309662,False,True
486091,80327.13000000,0.00001000,0.80327130,1777867290166942,False,True
486092,80391.84000000,0.00245000,196.96000800,1777867347292240,False,True
486093,80406.52000000,0.00109000,87.64310680,1777867373547801,False,True
486094,80437.30000000,0.00009000,7.23935700,1777867761898979,False,True
486095,80390.01000000,0.00009000,7.23510090,1777867795049948,True,True
486096,80441.13000000,0.00012000,9.65293560,1777868101359697,False,True
486097,80441.14000000,0.00062000,49.87350680,1777868118739909,False,True
486098,80441.14000000,0.00009000,7.23970260,1777868209082133,True,True
486099,80499.34000000,0.00031000,24.95479540,1777868340256228,False,True
486100,80500.00000000,0.00068000,54.74000000,1777868340256228,False,True
486101,80500.00000000,0.00100000,80.50000000,1777868340372670,False,True
486102,80500.00000000,0.00100000,80.50000000,1777868340398020,False,True
486103,80546.16000000,0.00062000,49.93861920,1777868341177806,False,True
486104,80555.99000000,0.00010000,8.05559900,1777868341417900,False,True
486105,80560.48000000,0.00062000,49.94749760,1777868341420512,False,True
486106,80625.88000000,0.00031000,24.99402280,1777868348104117,False,True
486107,80439.75000000,0.00008000,6.43518000,1777868465067753,True,True
486108,80388.01000000,0.00258000,207.40106580,1777868478897740,True,True
486109,80388.01000000,0.00245000,196.95062450,1777868481153192,True,True
486110,80388.01000000,0.00145000,116.56261450,1777868484237284,True,True
486111,80388.00000000,0.01097000,881.85636000,1777868484237284,True,True
486112,80388.00000000,0.00035000,28.13580000,1777868484237553,True,True
486113,80388.00000000,0.00123000,98.87724000,1777868484237587,True,True
486114,80388.00000000,0.00029000,23.31252000,1777868484237608,True,True
486115,80388.00000000,0.00123000,98.87724000,1777868484237689,True,True
486116,80388.00000000,0.00123000,98.87724000,1777868484237811,True,True
486117,80388.00000000,0.00024000,19.29312000,1777868484237870,True,True
486118,80388.00000000,0.00030000,24.11640000,1777868484238015,True,True
486119,80388.00000000,0.00023000,18.48924000,1777868484238125,True,True
486120,80388.00000000,0.29287000,23543.23356000,1777868484239236,True,True
486121,80388.00000000,0.28313000,22760.25444000,1777868484239280,True,True
486122,80388.00000000,0.00124000,99.68112000,1777868484239383,True,True
486123,80388.00000000,0.00457000,367.37316000,1777868484239802,True,True
486124,80388.00000000,0.00248000,199.36224000,1777868484239869,True,True
486125,80388.00000000,0.31054000,24963.68952000,1777868484239897,True,True
486126,80388.00000000,0.00248000,199.36224000,1777868484239918,True,True
486127,80388.00000000,0.00248000,199.36224000,1777868484240181,True,True
486128,80388.00000000,0.00109000,87.62292000,1777868484240280,True,True
486129,80388.00000000,0.00457000,367.37316000,1777868484240432,True,True
486130,80388.00000000,0.00457000,367.37316000,1777868484240465,True,True
486131,80388.00000000,0.07391000,5941.47708000,1777868484240695,True,True
486132,80337.93000000,0.03879000,3116.30830470,1777868484240695,True,True
486133,80337.93000000,0.00457000,367.14434010,1777868484241160,True,True
486134,80337.93000000,0.00521000,418.56061530,1777868484241191,True,True
486135,80332.42000000,0.00062000,49.80610040,1777868484241191,True,True
486136,80327.67000000,0.00124000,99.60631080,1777868484241191,True,True
486137,80327.66000000,0.00099000,79.52438340,1777868484241191,True,True
486138,80323.67000000,0.00008000,6.42589360,1777868484241191,True,True
486139,80312.38000000,0.01216000,976.59854080,1777868484241191,True,True
486140,80312.37000000,0.08620000,6922.92629400,1777868484241191,True,True
486141,80337.94000000,0.00109000,87.56835460,1777868484241249,True,True
486142,80337.94000000,0.00457000,367.14438580,1777868484241336,True,True
486143,80337.94000000,0.00109000,87.56835460,1777868484241343,True,True
486144,80337.94000000,0.00457000,367.14438580,1777868484241464,True,True
486145,80337.94000000,0.00084000,67.48386960,1777868484241489,True,True
486146,80312.37000000,0.00204000,163.83723480,1777868484241489,True,True
486147,80287.40000000,0.00100000,80.28740000,1777868484241489,True,True
486148,80270.82000000,0.00069000,55.38686580,1777868484241489,True,True
486149,80270.82000000,0.00055000,44.14895100,1777868484241497,True,True
486150,80244.90000000,0.00124000,99.50367600,1777868484241497,True,True
486151,80244.89000000,0.00100000,80.24489000,1777868484241497,True,True
486152,80314.90000000,0.00121000,97.18102900,1777868484243166,True,True
486153,80234.49000000,0.00024000,19.25627760,1777868615456137,True,True
486154,80227.20000000,0.00062000,49.74086400,1777868671288395,True,True
486155,80207.76000000,0.00008000,6.41662080,1777868671288395,True,True
486156,80204.51000000,0.00099000,79.40246490,1777868671288395,True,True
486157,80200.29000000,0.00131000,105.06237990,1777868671288395,True,True
486158,80271.46000000,0.00180000,144.48862800,1777868726392633,False,True
486159,80277.27000000,0.00181000,145.30185870,1777868918602936,True,True
486160,80275.94000000,0.04428000,3554.61862320,1777868918602936,True,True
486161,80355.61000000,0.00009000,7.23200490,1777869452066988,False,True
486162,80307.32000000,0.00062000,49.79053840,1777870189641143,True,True
486163,80279.80000000,0.00062000,49.77347600,1777870696986746,True,True
486164,80345.62000000,0.00062000,49.81428440,1777870885590940,True,True
486165,80290.91000000,0.00062000,49.78036420,1777871025399638,True,True
486166,80279.80000000,0.00011000,8.83077800,1777871025598544,True,True
486167,80315.02000000,0.00062000,49.79531240,1777871130742192,True,True
486168,80301.12000000,0.00062000,49.78669440,1777871275591893,True,True
486169,80243.50000000,0.00062000,49.75097000,1777871339945625,True,True
486170,80207.76000000,0.00008000,6.41662080,1777871340170540,True,True
486171,80148.49000000,0.00062000,49.69206380,1777871547591477,True,True
486172,80111.68000000,0.00062000,49.66924160,1777871653083347,True,True
486173,80092.02000000,0.00008000,6.40736160,1777871800161705,True,True
486174,80083.58000000,0.00062000,49.65181960,1777871925791976,True,True
486175,80067.12000000,0.00088000,70.45906560,1777871925791976,True,True
486176,80065.97000000,0.00062000,49.64090140,1777871980592826,True,True
486177,80037.42000000,0.00006000,4.80224520,1777872222472798,False,True
486178,80039.39000000,0.00006000,4.80236340,1777872335860125,False,True
486179,80008.55000000,0.00011000,8.80094050,1777872341592168,True,True
486180,80048.17000000,0.00062000,49.62986540,1777872363310253,True,True
486181,80031.65000000,0.00072000,57.62278800,1777872573270064,False,True
486182,80046.01000000,0.00084000,67.23864840,1777873277438394,True,True
486183,80045.17000000,0.00062000,49.62800540,1777873277438394,True,True
486184,80025.77000000,0.00062000,49.61597740,1777873332830866,True,True
486185,80031.18000000,0.00109000,87.23398620,1777873448585993,False,True
486186,80031.18000000,0.00459000,367.34311620,1777873448586003,False,True
486187,80031.63000000,0.00624000,499.39737120,1777873570195394,True,True
486188,80016.89000000,0.00031000,24.80523590,1777873743553505,False,True
486189,80000.90000000,0.00060000,48.00054000,1777874387126905,False,True
486190,79999.86000000,0.00063000,50.39991180,1777874473324293,True,True
486191,79953.96000000,0.00063000,50.37099480,1777874710173582,True,True
486192,79920.80000000,0.00087000,69.53109600,1777875066571836,True,True
486193,79920.25000000,0.00063000,50.34975750,1777875066571836,True,True
486194,79911.66000000,0.00057000,45.54964620,1777875066571836,True,True
486195,79921.75000000,0.00063000,50.35070250,1777875288948615,True,True
486196,79874.64000000,0.00063000,50.32102320,1777875325251328,True,True
486197,79843.83000000,0.00063000,50.30161290,1777875377044614,True,True
486198,79820.43000000,0.00063000,50.28687090,1777875396127434,True,True
486199,79773.72000000,0.00010000,7.97737200,1777875607015141,True,True
486200,79773.72000000,0.00050000,39.88686000,1777875607015141,True,True
486201,79747.53000000,0.00063000,50.24094390,1777875818684787,True,True
486202,79745.80000000,0.00008000,6.37966400,1777875818836995,True,True
486203,79700.00000000,0.00099000,78.90300000,1777875845424887,True,True
486204,79700.00000000,0.00099000,78.90300000,1777875845443102,True,True
486205,79700.00000000,0.00100000,79.70000000,1777875845465990,True,True
486206,79700.00000000,0.00100000,79.70000000,1777875845487589,True,True
486207,79700.00000000,0.00099000,78.90300000,1777875845509074,True,True
486208,79700.00000000,0.00100000,79.70000000,1777875845533055,True,True
486209,79700.00000000,0.00100000,79.70000000,1777875845555684,True,True
486210,79700.00000000,0.00100000,79.70000000,1777875845578074,True,True
486211,79700.00000000,0.00099000,78.90300000,1777875845600692,True,True
486212,79700.00000000,0.00099000,78.90300000,1777875845625118,True,True
486213,79700.00000000,0.00100000,79.70000000,1777875845647146,True,True
486214,79700.00000000,0.00062000,49.41400000,1777875845669222,True,True
486215,79695.02000000,0.00038000,30.28410760,1777875845669222,True,True
486216,79695.02000000,0.00025000,19.92375500,1777875845691789,True,True
486217,79671.62000000,0.00010000,7.96716200,1777875918678596,True,True
486218,79671.62000000,0.00053000,42.22595860,1777875919628131,True,True
486219,79551.11000000,0.00063000,50.11719930,1777875979139006,True,True
486220,79515.82000000,0.00008000,6.36126560,1777876009537639,True,True
486221,79478.70000000,0.00026000,20.66446200,1777876010020228,True,True
486222,79478.70000000,0.00037000,29.40711900,1777876010032050,True,True
486223,79642.19000000,0.00100000,79.64219000,1777876170887779,False,True
486224,79650.58000000,0.00018000,14.33710440,1777876171092728,False,True
486225,79666.60000000,0.00039000,31.06997400,1777876171791250,True,True
486226,79647.29000000,0.00063000,50.17779270,1777876286091862,True,True
486227,79652.10000000,0.00063000,50.18082300,1777876414873243,True,True
486228,79735.30000000,0.00121000,96.47971300,1777876650918371,False,True
486229,79801.15000000,0.00063000,50.27472450,1777877141967747,True,True
486230,79861.03000000,0.00063000,50.31244890,1777877475814463,True,True
486231,79842.87000000,0.00225000,179.64645750,1777877475814463,True,True
486232,79842.86000000,0.00099000,79.04443140,1777877475814463,True,True
486233,79840.22000000,0.04621000,3689.41656620,1777877475814463,True,True
486234,79833.91000000,0.00626000,499.76027660,1777877475814463,True,True
486235,79817.78000000,0.09979000,7965.01626620,1777877475814463,True,True
486236,79802.80000000,0.00125000,99.75350000,1777877475814463,True,True
486237,79802.79000000,0.00099000,79.00476210,1777877475814463,True,True
486238,79759.77000000,0.00125000,99.69971250,1777877475814463,True,True
486239,79759.76000000,0.00100000,79.75976000,1777877475814463,True,True
486240,79735.30000000,0.00150000,119.60295000,1777877475814463,True,True
486241,79717.31000000,0.00100000,79.71731000,1777877475814463,True,True
486242,79711.07000000,0.00125000,99.63883750,1777877475814463,True,True
486243,79673.49000000,0.00125000,99.59186250,1777877475814463,True,True
486244,79673.48000000,0.00099000,78.87674520,1777877475814463,True,True
486245,79632.18000000,0.00125000,99.54022500,1777877475814463,True,True
486246,79632.17000000,0.00099000,78.83584830,1777877475814463,True,True
486247,79630.73000000,0.00008000,6.37045840,1777877475814463,True,True
486248,79605.82000000,0.00125000,99.50727500,1777877475814463,True,True
486249,79588.78000000,0.00099000,78.79289220,1777877475814463,True,True
486250,79553.30000000,0.00652000,518.68751600,1777877475814463,True,True
486251,79553.29000000,0.00125000,99.44161250,1777877475814463,True,True
486252,79543.28000000,0.00100000,79.54328000,1777877475814463,True,True
486253,79541.30000000,0.15729000,12511.05107700,1777877475814463,True,True
486254,79861.04000000,0.00008000,6.38888320,1777877534342265,False,True
486255,79863.31000000,0.00063000,50.31388530,1777877976793174,True,True
486256,79857.01000000,0.00063000,50.30991630,1777877989638600,True,True
486257,79816.51000000,0.00063000,50.28440130,1777878014386662,True,True
486258,79822.91000000,0.00011000,8.78052010,1777878075248960,True,True
486259,79844.67000000,0.00063000,50.30214210,1777878138033961,True,True
486260,79843.39000000,0.00099000,79.04495610,1777878138033961,True,True
486261,79837.48000000,0.04761000,3801.06242280,1777878138033961,True,True
486262,79819.38000000,0.00626000,499.66931880,1777878138033961,True,True
486263,79808.29000000,0.01572000,1254.58631880,1777878138033961,True,True
486264,79894.62000000,0.00105000,83.88935100,1777878186622789,False,True
486265,79883.70000000,0.00101000,80.68253700,1777878203572315,True,True
486266,79882.37000000,0.00003000,2.39647110,1777878203572315,True,True
486267,79886.35000000,0.00010000,7.98863500,1777878270106813,False,True
486268,79857.67000000,0.00063000,50.31033210,1777878294717806,True,True
486269,79850.88000000,0.00007000,5.58956160,1777878437588136,True,True
486270,79844.57000000,0.00063000,50.30207910,1777878516813434,True,True
486271,79811.67000000,0.00063000,50.28135210,1777878732567204,True,True
486272,79814.97000000,0.00063000,50.28343110,1777879095284046,True,True
486273,79814.37000000,0.00006000,4.78886220,1777879384423886,False,True
486274,79813.96000000,0.00007000,5.58697720,1777879630564572,False,True
486275,79812.99000000,0.00017000,13.56820830,1777879786355697,False,True
486276,79812.99000000,0.00006000,4.78877940,1777879797038863,False,True
486277,79813.00000000,0.00761000,607.37693000,1777879881566717,False,True
486278,79813.00000000,0.00761000,607.37693000,1777879881566851,False,True
486279,79813.00000000,0.00761000,607.37693000,1777879881566909,False,True
486280,79789.31000000,0.00142000,113.30082020,1777880049916483,True,True
486281,79745.80000000,0.00008000,6.37966400,1777880185620163,True,True
486282,79813.00000000,0.00076000,60.65788000,1777880698418457,False,True
486283,79813.00000000,0.00076000,60.65788000,1777880698418503,False,True
486284,79813.00000000,0.00460000,367.13980000,1777880700835897,False,True
486285,79813.00000000,0.00110000,87.79430000,1777880700836029,False,True
486286,79813.00000000,0.00122000,97.37186000,1777880700838314,False,True
486287,79855.08000000,0.00025000,19.96377000,1777880942272748,False,True
486288,79696.26000000,0.00017000,13.54836420,1777881248303907,True,True
486289,79726.05000000,0.00276000,220.04389800,1777881415289224,False,True
486290,79720.42000000,0.00235000,187.34298700,1777881480098795,False,True
486291,79696.26000000,0.00120000,95.63551200,1777881521297208,True,True
486292,79696.26000000,0.00001000,0.79696260,1777881521297324,True,True
486293,79718.52000000,0.00121000,96.45940920,1777881765193158,False,True
486294,79605.45000000,0.00020000,15.92109000,1777881921325198,False,True
486295,79643.55000000,0.00063000,50.17543650,1777882108792175,False,True
486296,79771.74000000,0.00379000,302.33489460,1777882470434048,False,True
486297,79784.94000000,0.00242000,193.07955480,1777882529354865,False,True
486298,79771.74000000,0.00110000,87.74891400,1777882563441265,True,True
486299,79771.74000000,0.00011000,8.77489140,1777882573846945,True,True
486300,79665.73000000,0.00125000,99.58216250,1777883176089396,False,True
486301,79618.00000000,0.01363000,1085.19334000,1777884727082352,False,True
486302,79619.58000000,0.00099000,78.82338420,1777884727082352,False,True
486303,79626.21000000,0.03177000,2529.72469170,1777884727082352,False,True
486304,79754.97000000,0.00141000,112.45450770,1777884995741384,False,True
486305,79667.14000000,0.00017000,13.54341380,1777885332778597,True,True
486306,79724.85000000,0.00022000,17.53946700,1777885361269424,False,True
486307,79710.30000000,0.00063000,50.21748900,1777885829485376,False,True
486308,79686.96000000,0.00017000,13.54678320,1777886732397697,True,True
486309,79771.74000000,0.00100000,79.77174000,1777887734674591,False,True
486310,79771.74000000,0.00099000,78.97402260,1777887734697442,False,True
486311,79771.74000000,0.00100000,79.77174000,1777887734721417,False,True
486312,79771.74000000,0.00099000,78.97402260,1777887734743646,False,True
486313,79771.74000000,0.00100000,79.77174000,1777887734767794,False,True
486314,79771.74000000,0.00099000,78.97402260,1777887734790503,False,True
486315,79771.74000000,0.00100000,79.77174000,1777887734813146,False,True
486316,79771.74000000,0.00099000,78.97402260,1777887734837199,False,True
486317,79771.74000000,0.00100000,79.77174000,1777887734859311,False,True
486318,79771.74000000,0.00036000,28.71782640,1777887734883676,False,True
486319,79861.04000000,0.00008000,6.38888320,1777888259277697,False,True
486320,79887.48000000,0.00008000,6.39099840,1777888259277697,False,True
486321,79887.48000000,0.00250000,199.71870000,1777888273725158,False,True
486322,79820.37000000,0.00863000,688.84979310,1777888663488897,True,True
486323,79745.80000000,0.00008000,6.37966400,1777888923864696,True,True
486324,79735.67000000,0.00063000,50.23347210,1777888923898150,True,True
486325,79686.97000000,0.01168000,930.74380960,1777888926401881,True,True
486326,79686.96000000,0.00098000,78.09322080,1777888937372495,True,True
486327,79681.00000000,0.00681000,542.62761000,1777888937418265,True,True
486328,79655.00000000,0.00681000,542.45055000,1777888938473195,True,True
486329,79630.73000000,0.00008000,6.37045840,1777888939219800,True,True
486330,79635.85000000,0.00010000,7.96358500,1777888939442116,False,True
486331,79515.82000000,0.00008000,6.36126560,1777888980992336,True,True
486332,79496.36000000,0.00063000,50.08270680,1777888980992336,True,True
486333,79480.73000000,0.00099000,78.68592270,1777888981363053,True,True
486334,79480.73000000,0.00184000,146.24454320,1777888981426775,True,True
486335,79480.73000000,0.00182000,144.65492860,1777888981508753,True,True
486336,79438.45000000,0.00063000,50.04622350,1777888981588522,True,True
486337,79474.79000000,0.00099000,78.68004210,1777889020123626,True,True
486338,79474.79000000,0.00099000,78.68004210,1777889020350749,True,True
486339,79401.08000000,0.00008000,6.35208640,1777889036602145,True,True
486340,79200.01000000,0.00071000,56.23200710,1777889106597406,True,True
486341,79200.01000000,0.00071000,56.23200710,1777889106597412,True,True
486342,79200.01000000,0.00025000,19.80000250,1777889106597629,True,True
486343,79200.01000000,0.00071000,56.23200710,1777889106597645,True,True
486344,79200.01000000,0.00022000,17.42400220,1777889106597875,True,True
486345,79200.00000000,0.00012000,9.50400000,1777889106597875,True,True
486346,79200.00000000,0.00038000,30.09600000,1777889106597875,True,True
486347,79200.00000000,0.00071000,56.23200000,1777889106597894,True,True
486348,79200.00000000,0.00028000,22.17600000,1777889106597922,True,True
486349,79200.00000000,0.00026000,20.59200000,1777889106597926,True,True
486350,79200.00000000,0.00029000,22.96800000,1777889106598004,True,True
486351,79200.00000000,0.00024000,19.00800000,1777889106598139,True,True
486352,79200.00000000,0.00027000,21.38400000,1777889106598179,True,True
486353,79200.00000000,0.00111000,87.91200000,1777889106598190,True,True
486354,79200.00000000,0.00022000,17.42400000,1777889106598198,True,True
486355,79200.00000000,0.00111000,87.91200000,1777889106600048,True,True
486356,79200.00000000,0.00132000,104.54400000,1777889106602723,True,True
486357,79200.00000000,0.00120000,95.04000000,1777889106602723,True,True
486358,79200.00000000,0.00252000,199.58400000,1777889106605335,True,True
486359,79200.00000000,0.00252000,199.58400000,1777889106610020,True,True
486360,79200.01000000,0.00259000,205.12802590,1777889107548457,True,True
486361,79200.00000000,0.07897000,6254.42400000,1777889107548457,True,True
486362,79172.09000000,0.00008000,6.33376720,1777889107548457,True,True
486363,79158.77000000,0.04490000,3554.22877300,1777889107548457,True,True
486364,79152.65000000,0.00063000,49.86616950,1777889107548457,True,True
486365,79146.52000000,0.00100000,79.14652000,1777889107548457,True,True
486366,79142.01000000,0.08946000,7080.04421460,1777889107548457,True,True
486367,79089.11000000,0.00126000,99.65227860,1777889107548457,True,True
486368,79089.10000000,0.00200000,158.17820000,1777889107548457,True,True
486369,79057.84000000,0.00008000,6.32462720,1777889107548457,True,True
486370,79050.93000000,0.00125000,98.81366250,1777889107548457,True,True
486371,79018.99000000,0.00134000,105.88544660,1777889107548457,True,True
486372,79002.00000000,0.00253000,199.87506000,1777889107548457,True,True
486373,79000.01000000,0.00125000,98.75001250,1777889107548457,True,True
486374,78984.97000000,0.00125000,98.73121250,1777889107548457,True,True
486375,78948.88000000,0.00125000,98.68610000,1777889107548457,True,True
486376,78948.87000000,0.00202000,159.47671740,1777889107548457,True,True
486377,78943.76000000,0.00008000,6.31550080,1777889107548457,True,True
486378,78909.75000000,0.00126000,99.42628500,1777889107548457,True,True
486379,78909.74000000,0.19198000,15149.09188520,1777889107548457,True,True
486380,78995.00000000,0.00022000,17.37890000,1777889107549918,False,True
486381,78943.76000000,0.00008000,6.31550080,1777889202929076,True,True
486382,78716.09000000,0.00008000,6.29728720,1777889230460842,True,True
486383,78700.90000000,0.00029000,22.82326100,1777889230717114,True,True
486384,78902.25000000,0.00063000,49.70841750,1777889263768667,True,True
486385,78807.35000000,0.00063000,49.64863050,1777889273537796,True,True
486386,78700.90000000,0.00001000,0.78700900,1777889300738091,True,True
486387,78632.15000000,0.00064000,50.32457600,1777889723375314,True,True
486388,78602.50000000,0.00008000,6.28820000,1777889724517826,True,True
486389,78500.15000000,0.00064000,50.24009600,1777889903191914,True,True
486390,78489.08000000,0.00008000,6.27912640,1777889903253414,True,True
486391,78541.96000000,0.00064000,50.26685440,1777889932881920,True,True
486392,78489.08000000,0.00008000,6.27912640,1777889937536987,True,True
486393,78429.40000000,0.00459000,359.99094600,1777889979796679,False,True
486394,78375.82000000,0.00008000,6.27006560,1777890006767648,True,True
486395,78476.61000000,0.00064000,50.22503040,1777890178652084,False,True
486396,78375.82000000,0.00008000,6.27006560,1777890204374161,True,True
486397,78282.72000000,0.00035000,27.39895200,1777890255711239,True,True
486398,78262.72000000,0.00008000,6.26101760,1777890255711239,True,True
486399,78301.88000000,0.00064000,50.11320320,1777890339993167,False,True
486400,78223.40000000,0.00185000,144.71329000,1777890375839840,False,True
486401,78205.50000000,0.00064000,50.05152000,1777890382636636,False,True
486402,78296.44000000,0.00112000,87.69201280,1777890425225666,False,True
486403,78296.44000000,0.00510000,399.31184400,1777890425271025,False,True
486404,78375.82000000,0.00008000,6.27006560,1777890432736043,False,True
486405,78602.50000000,0.00008000,6.28820000,1777890722941157,False,True
486406,78637.91000000,0.00212000,166.71236920,1777890728951402,False,True
486407,78637.91000000,0.00212000,166.71236920,1777890728951756,False,True
486408,78637.91000000,0.00212000,166.71236920,1777890728953682,False,True
486409,78705.09000000,0.00064000,50.37125760,1777890731963242,False,True
486410,78716.09000000,0.00008000,6.29728720,1777890736754900,False,True
486411,78829.84000000,0.00008000,6.30638720,1777890742887972,False,True
486412,78829.99000000,0.00063000,49.66289370,1777890742897886,False,True
486413,78858.21000000,0.00063000,49.68067230,1777890783313214,False,True
486414,78895.23000000,0.00063000,49.70399490,1777890802353003,False,True
486415,78906.14000000,0.00217000,171.22632380,1777890802400496,False,True
486416,78906.14000000,0.00217000,171.22632380,1777890802400901,False,True
486417,78906.14000000,0.00217000,171.22632380,1777890802412641,False,True
486418,78887.22000000,0.00063000,49.69894860,1777890811118581,False,True
486419,78841.68000000,0.00063000,49.67025840,1777890842236673,False,True
486420,78921.84000000,0.00063000,49.72075920,1777890882228991,False,True
486421,78943.76000000,0.00008000,6.31550080,1777890905579053,False,True
486422,78919.14000000,0.00063000,49.71905820,1777890975989632,False,True
486423,78938.15000000,0.00116000,91.56825400,1777891057663855,False,True
486424,79057.84000000,0.00008000,6.32462720,1777891912795770,False,True
486425,78923.24000000,0.00063000,49.72164120,1777892133546800,False,True
486426,78858.33000000,0.00084000,66.24099720,1777892171218872,True,True
486427,78879.15000000,0.00244000,192.46512600,1777892288287830,False,True
486428,78879.15000000,0.00122000,96.23256300,1777892295359207,False,True
486429,79014.71000000,0.00063000,49.77926730,1777892549428455,False,True
486430,78940.95000000,0.00063000,49.73279850,1777892795967994,False,True
486431,78962.55000000,0.00083000,65.53891650,1777892870427020,False,True
486432,78962.56000000,0.00063000,49.74641280,1777892929860534,False,True
486433,79004.80000000,0.00035000,27.65168000,1777892970653281,False,True
486434,79014.71000000,0.00032000,25.28470720,1777893048118315,False,True
486435,79005.92000000,0.01327000,1048.40855840,1777893387267672,False,True
486436,79007.70000000,0.00063000,49.77485100,1777893387267672,False,True
486437,79014.92000000,0.00343000,271.02117560,1777893387267672,False,True
486438,79057.84000000,0.00008000,6.32462720,1777893434752155,False,True
486439,79098.43000000,0.00367000,290.29123810,1777893531271718,False,True
486440,78925.13000000,0.00020000,15.78502600,1777894046267705,False,True
486441,78907.91000000,0.00549000,433.20442590,1777894306247486,False,True
486442,78909.41000000,0.00019000,14.99278790,1777894306247486,False,True
486443,78879.20000000,0.00330000,260.30136000,1777894315052523,True,True
486444,78879.15000000,0.00138000,108.85322700,1777894317821010,True,True
486445,78879.15000000,0.00011000,8.67670650,1777894600278076,True,True
486446,78879.15000000,0.00099000,78.09035850,1777894600325505,True,True
486447,78879.15000000,0.00024000,18.93099600,1777894600336347,True,True
486448,78879.15000000,0.00027000,21.29737050,1777894600337010,True,True
486449,78879.15000000,0.00125000,98.59893750,1777894600338555,True,True
486450,78879.15000000,0.00111000,87.55585650,1777894600343139,True,True
486451,78879.15000000,0.00111000,87.55585650,1777894600374135,True,True
486452,78879.15000000,0.00100000,78.87915000,1777894600396792,True,True
486453,78879.15000000,0.00467000,368.36563050,1777894600402784,True,True
486454,78879.15000000,0.01236000,974.94629400,1777894600426148,True,True
486455,78829.84000000,0.00008000,6.30638720,1777894600426148,True,True
486456,78826.97000000,0.00063000,49.66099110,1777894600426148,True,True
486457,78825.58000000,0.00396000,312.14929680,1777894600426148,True,True
486458,78800.00000000,0.00012000,9.45600000,1777894611767183,True,True
486459,78783.93000000,0.00464000,365.55743520,1777894795289276,False,True
486460,78734.08000000,0.00025000,19.68352000,1777895135991749,False,True
486461,78753.52000000,0.00393000,309.50133360,1777895233646698,False,True
486462,78756.63000000,0.00099000,77.96906370,1777895233646698,False,True
486463,78760.64000000,0.00063000,49.61920320,1777895233646698,False,True
486464,78762.76000000,0.00017000,13.38966920,1777895233646698,False,True
486465,78812.17000000,0.00098000,77.23592660,1777895665108545,False,True
486466,78812.17000000,0.00099000,78.02404830,1777895699794612,False,True
486467,78813.28000000,0.00063000,49.65236640,1777895699794612,False,True
486468,78820.92000000,0.00197000,155.27721240,1777895699794612,False,True
486469,78831.83000000,0.00925000,729.19442750,1777895699794612,False,True
486470,78775.03000000,0.00030000,23.63250900,1777895797569054,True,True
486471,78775.03000000,0.00098000,77.19952940,1777896275124456,False,True
486472,78778.09000000,0.00012000,9.45337080,1777896606286744,False,True
486473,78774.01000000,0.00018000,14.17932180,1777896723433784,False,True
486474,78775.96000000,0.01347000,1061.11218120,1777896723433784,False,True
486475,78786.78000000,0.00019000,14.96948820,1777896945692115,False,True
486476,78930.38000000,0.00049000,38.67588620,1777897169635618,False,True
486477,78957.13000000,0.00081000,63.95527530,1777897510964420,False,True
486478,78959.57000000,0.00025000,19.73989250,1777897545935756,False,True
486479,78867.99000000,0.04933000,3890.55794670,1777898108052910,False,True
486480,78875.64000000,0.00099000,78.08688360,1777898108052910,False,True
486481,78889.39000000,0.00063000,49.70031570,1777898108052910,False,True
486482,78893.86000000,0.06028000,4755.72188080,1777898108052910,False,True
486483,78871.62000000,0.00025000,19.71790500,1777898117924224,False,True
486484,78944.81000000,0.00028000,22.10454680,1777898326579227,False,True
486485,78971.56000000,0.00063000,49.75208280,1777899269790078,False,True
486486,78972.70000000,0.00242000,191.11393400,1777899269790078,False,True
486487,78878.02000000,0.00259000,204.29407180,1777899589018917,True,True
486488,78878.02000000,0.00025000,19.71950500,1777899589253209,True,True
486489,78638.50000000,0.00111000,87.28873500,1777899641239350,True,True
486490,78638.50000000,0.00209000,164.35446500,1777899641247463,True,True
486491,78620.15000000,0.00064000,50.31689600,1777899678236045,False,True
486492,78621.53000000,0.00266000,209.13326980,1777899678236045,False,True
486493,78605.84000000,0.00212000,166.64438080,1777899873420517,False,True
486494,78605.84000000,0.00099000,77.81978160,1777899873481760,False,True
486495,78605.84000000,0.00212000,166.64438080,1777899873573042,False,True
486496,78610.23000000,0.00064000,50.31054720,1777899873624735,False,True
486497,78829.84000000,0.00008000,6.30638720,1777900166111079,False,True
486498,78928.83000000,0.00063000,49.72516290,1777900935599544,False,True
486499,78943.76000000,0.00008000,6.31550080,1777900935702525,False,True
486500,78984.26000000,0.00030000,23.69527800,1777901048874806,False,True
486501,78954.14000000,0.00100000,78.95414000,1777901104532424,False,True
486502,78957.17000000,0.04681000,3695.98512770,1777901104532424,False,True
486503,78969.70000000,0.00126000,99.50182200,1777901104532424,False,True
486504,78976.76000000,0.00063000,49.75535880,1777901104532424,False,True
486505,78984.26000000,0.00111000,87.67252860,1777901104533994,True,True
486506,78984.26000000,0.01143000,902.79009180,1777901104537178,True,True
486507,78959.02000000,0.00040000,31.58360800,1777901459480131,False,True
486508,78975.59000000,0.01692000,1336.26698280,1777901573485243,False,True
486509,79031.20000000,0.00063000,49.78965600,1777901734676513,False,True
486510,79057.84000000,0.00008000,6.32462720,1777901735079767,False,True
486511,79070.74000000,0.00063000,49.81456620,1777901781615948,False,True
486512,78864.65000000,0.00038000,29.96856700,1777901926587325,False,True
486513,78920.01000000,0.00099000,78.13080990,1777902199968632,False,True
486514,78926.41000000,0.00063000,49.72363830,1777902199968632,False,True
486515,78928.04000000,0.00996000,786.12327840,1777902199968632,False,True
486516,78829.84000000,0.00008000,6.30638720,1777902301653135,True,True
486517,78918.40000000,0.00010000,7.89184000,1777902447555218,False,True
486518,78870.20000000,0.00063000,49.68822600,1777902504976231,False,True
486519,78902.70000000,0.00128000,100.99545600,1777902543773095,False,True
486520,78776.19000000,0.00306000,241.05514140,1777902795836832,False,True
486521,78823.15000000,0.00063000,49.65858450,1777903163506656,False,True
486522,78828.47000000,0.00206000,162.38664820,1777903163506656,False,True
486523,78776.19000000,0.00010000,7.87761900,1777903318085135,True,True
486524,78776.19000000,0.00101000,79.56395190,1777903318085135,True,True
486525,78776.19000000,0.00185000,145.73595150,1777903318088218,True,True
486526,78644.90000000,0.04600000,3617.66540000,1777903559603222,False,True
486527,78655.89000000,0.00064000,50.33976960,1777903559603222,False,True
486528,78668.87000000,0.00127000,99.90946490,1777903559603222,False,True
486529,78668.88000000,0.00099000,77.88219120,1777903559603222,False,True
486530,78668.88000000,0.06481000,5098.53011280,1777903559603222,False,True
486531,78623.05000000,0.00635000,499.25636750,1777903698430156,True,True
486532,78575.21000000,0.00064000,50.28813440,1777903703943746,False,True
486533,78599.63000000,0.00635000,499.10765050,1777903731261626,False,True
486534,78608.02000000,0.00629000,494.44444580,1777903731261626,False,True
486535,78583.21000000,0.00638000,501.36087980,1777903761733061,False,True
486536,78489.08000000,0.00008000,6.27912640,1777903776484374,True,True
486537,78829.84000000,0.00008000,6.30638720,1777903970052697,False,True
486538,78888.60000000,0.00360000,283.99896000,1777903992117917,False,True
486539,79031.54000000,0.00063000,49.78987020,1777904279542139,False,True
486540,79172.09000000,0.00008000,6.33376720,1777904618821565,False,True
486541,79327.60000000,0.00063000,49.97638800,1777904831069278,True,True
486542,79283.51000000,0.00109000,86.41902590,1777905290483960,False,True
486543,79283.51000000,0.01276000,1011.65758760,1777905300039980,False,True
486544,79515.82000000,0.00008000,6.36126560,1777905530766195,False,True
486545,79459.02000000,0.00063000,50.05918260,1777905566033715,True,True
486546,79630.73000000,0.00008000,6.37045840,1777905956406479,False,True
486547,79861.04000000,0.00008000,6.38888320,1777906097046905,False,True
486548,79893.96000000,0.00063000,50.33319480,1777906097327714,False,True
486549,79976.45000000,0.00008000,6.39811600,1777906103067890,False,True
486550,80000.00000000,0.00109000,87.20000000,1777906105030090,False,True
486551,80000.00000000,0.00143000,114.40000000,1777906105031416,False,True
486552,80000.00000000,0.00007000,5.60000000,1777906105031513,False,True
486553,80000.00000000,0.00031000,24.80000000,1777906105031513,False,True
486554,80000.00000000,0.00105000,84.00000000,1777906105031513,False,True
486555,80000.00000000,0.00021000,16.80000000,1777906105032290,False,True
486556,80000.00000000,0.00014000,11.20000000,1777906105032290,False,True
486557,80031.65000000,0.19469000,15581.36193850,1777906105594294,False,True
486558,80031.65000000,0.19469000,15581.36193850,1777906105612746,False,True
486559,80031.65000000,0.00459000,367.34527350,1777906105612753,False,True
486560,80031.65000000,0.00499000,399.35793350,1777906105612786,False,True
486561,80031.65000000,0.00459000,367.34527350,1777906105612892,False,True
486562,80031.65000000,0.19469000,15581.36193850,1777906105628174,False,True
486563,80031.65000000,0.00499000,399.35793350,1777906105628671,False,True
486564,80031.65000000,0.00459000,367.34527350,1777906105636569,False,True
486565,80031.65000000,0.00459000,367.34527350,1777906105637221,False,True
486566,80031.65000000,0.19469000,15581.36193850,1777906105640346,False,True
486567,80031.65000000,0.00499000,399.35793350,1777906105640760,False,True
486568,80031.65000000,0.02247000,1798.31117550,1777906105648225,False,True
486569,80031.65000000,0.19469000,15581.36193850,1777906105652194,False,True
486570,80031.65000000,0.00499000,399.35793350,1777906105655337,False,True
486571,80031.65000000,0.00459000,367.34527350,1777906105656305,False,True
486572,80031.65000000,0.02247000,1798.31117550,1777906105661613,False,True
486573,80031.65000000,0.00459000,367.34527350,1777906105665072,False,True
486574,80031.65000000,0.02247000,1798.31117550,1777906105668896,False,True
486575,80031.65000000,0.00499000,399.35793350,1777906105670521,False,True
486576,80031.65000000,0.00459000,367.34527350,1777906105671373,False,True
486577,80031.65000000,0.00459000,367.34527350,1777906105673784,False,True
486578,80031.65000000,0.00499000,399.35793350,1777906105674827,False,True
486579,80031.65000000,0.00459000,367.34527350,1777906105676870,False,True
486580,80031.65000000,0.00459000,367.34527350,1777906105677432,False,True
486581,80031.65000000,0.00499000,399.35793350,1777906105678362,False,True
486582,80031.65000000,0.00499000,399.35793350,1777906105680604,False,True
486583,80031.65000000,0.00459000,367.34527350,1777906105680869,False,True
486584,80031.65000000,0.00459000,367.34527350,1777906105681120,False,True
486585,80031.65000000,0.00459000,367.34527350,1777906105683093,False,True
486586,80031.65000000,0.00499000,399.35793350,1777906105684443,False,True
486587,80031.65000000,0.02247000,1798.31117550,1777906105685392,False,True
486588,80031.65000000,0.00459000,367.34527350,1777906105685594,False,True
486589,80031.65000000,0.00499000,399.35793350,1777906105687401,False,True
486590,80031.65000000,0.00459000,367.34527350,1777906105688102,False,True
486591,80031.65000000,0.00459000,367.34527350,1777906105688106,False,True
486592,80031.65000000,0.00499000,399.35793350,1777906105690057,False,True
486593,80031.65000000,0.00459000,367.34527350,1777906105690519,False,True
486594,80031.65000000,0.00379000,303.31995350,1777906105692305,False,True
486595,80065.31000000,0.00062000,49.64049220,1777906111215293,True,True
486596,80155.82000000,0.00062000,49.69660840,1777906120418789,True,True
486597,80105.92000000,0.00062000,49.66567040,1777906121299386,True,True
486598,80062.32000000,0.00062000,49.63863840,1777906173084174,True,True
486599,79999.51000000,0.00063000,50.39969130,1777906181867756,True,True
486600,80207.76000000,0.00008000,6.41662080,1777906254741413,False,True
486601,80237.01000000,0.00458000,367.48550580,1777906262369538,False,True
486602,80237.01000000,0.00166000,133.19343660,1777906262389298,False,True
486603,80300.00000000,0.00458000,367.77400000,1777906282370403,False,True
486604,80300.00000000,0.00458000,367.77400000,1777906282370454,False,True
486605,80300.00000000,0.00458000,367.77400000,1777906282370510,False,True
486606,80300.00000000,0.00458000,367.77400000,1777906282393371,False,True
486607,80300.00000000,0.00458000,367.77400000,1777906282415205,False,True
486608,80300.00000000,0.00109000,87.52700000,1777906282415323,False,True
486609,80300.00000000,0.00458000,367.77400000,1777906282415418,False,True
486610,80300.00000000,0.00458000,367.77400000,1777906282415775,False,True
486611,80300.00000000,0.00458000,367.77400000,1777906282426608,False,True
486612,80300.00000000,0.00458000,367.77400000,1777906282426749,False,True
486613,80300.00000000,0.00386000,309.95800000,1777906282434793,False,True
486614,80296.75000000,0.00062000,49.78398500,1777906289461901,True,True
486615,80249.04000000,0.00062000,49.75440480,1777906305773754,True,True
486616,80323.67000000,0.00008000,6.42589360,1777906337350956,False,True
486617,80376.02000000,0.00062000,49.83313240,1777906346762802,False,True
486618,80388.93000000,0.00062000,49.84113660,1777906391811736,False,True
486619,80421.76000000,0.00062000,49.86149120,1777906419423275,True,True
486620,80364.27000000,0.00010000,8.03642700,1777906444153464,True,True
486621,80415.16000000,0.00045000,36.18682200,1777906523864956,True,True
486622,80394.52000000,0.00050000,40.19726000,1777906578607950,False,True
486623,80298.21000000,0.00128000,102.78170880,1777906588892037,True,True
486624,80250.90000000,0.00138000,110.74624200,1777906688046413,False,True
486625,80252.49000000,0.01184000,950.18948160,1777906688046413,False,True
486626,80286.75000000,0.00010000,8.02867500,1777906708904164,False,True
486627,80247.93000000,0.00010000,8.02479300,1777906723854729,True,True
486628,80288.12000000,0.00120000,96.34574400,1777906775537609,False,True
486629,80301.40000000,0.00062000,49.78686800,1777907003995322,True,True
486630,80227.62000000,0.00250000,200.56905000,1777907019265815,True,True
486631,80207.76000000,0.00008000,6.41662080,1777907033433020,True,True
486632,80195.35000000,0.00054000,43.30548900,1777907033433020,True,True
486633,80135.00000000,0.00125000,100.16875000,1777907094315633,False,True
486634,80115.82000000,0.00189000,151.41889980,1777907106496917,False,True
486635,80116.96000000,0.00060000,48.07017600,1777907106496917,False,True
486636,80127.65000000,0.00009000,7.21148850,1777907185095802,False,True
486637,80133.08000000,0.00062000,49.68250960,1777907237049072,True,True
486638,80163.59000000,0.00062000,49.70142580,1777907399253692,True,True
486639,80092.02000000,0.00008000,6.40736160,1777907399753991,True,True
486640,80071.48000000,0.00029000,23.22072920,1777907419929174,True,True
486641,80071.48000000,0.00027000,21.61929960,1777907419929235,True,True
486642,80071.48000000,0.00006000,4.80428880,1777907419929349,True,True
486643,80030.51000000,0.00018000,14.40549180,1777907419929349,True,True
486644,79997.37000000,0.00027000,21.59928990,1777907424569613,True,True
486645,79997.37000000,0.00036000,28.79905320,1777907424578076,True,True
486646,79976.45000000,0.00008000,6.39811600,1777907424578076,True,True
486647,79861.04000000,0.00008000,6.38888320,1777907424578076,True,True
486648,79861.04000000,0.00014000,11.18054560,1777907424578076,True,True
486649,79979.17000000,0.00063000,50.38687710,1777907424712917,True,True
486650,79993.77000000,0.00059000,47.19632430,1777907619947556,True,True
486651,80124.89000000,0.00062000,49.67743180,1777907826422813,True,True
486652,80045.68000000,0.00062000,49.62832160,1777907872366529,True,True
486653,80009.15000000,0.00018000,14.40164700,1777907895952471,False,True
486654,80011.80000000,0.00131000,104.81545800,1777907895952471,False,True
486655,79908.58000000,0.00063000,50.34240540,1777907969398756,True,True
486656,79885.08000000,0.01574000,1257.39115920,1777907991356848,True,True
486657,79885.07000000,0.00063000,50.32759410,1777907991393873,True,True
486658,79874.68000000,0.00037000,29.55363160,1777907991393873,True,True
486659,79848.96000000,0.00063000,50.30484480,1777907991713718,True,True
486660,79745.80000000,0.00008000,6.37966400,1777907996289144,True,True
486661,79708.35000000,0.00019000,15.14458650,1777907996289144,True,True
486662,79700.26000000,0.00063000,50.21116380,1777907996385619,True,True
486663,79674.23000000,0.00124000,98.79604520,1777907996498188,True,True
486664,79630.73000000,0.00008000,6.37045840,1777907998465358,True,True
486665,79577.36000000,0.00063000,50.13373680,1777907999242343,True,True
486666,79577.36000000,0.00063000,50.13373680,1777907999386984,True,True
486667,79515.82000000,0.00008000,6.36126560,1777908000406915,True,True
486668,79475.55000000,0.00063000,50.06959650,1777908002638437,True,True
486669,79442.15000000,0.00063000,50.04855450,1777908003790312,True,True
486670,79464.75000000,0.00063000,50.06279250,1777908009211226,True,True
486671,79401.08000000,0.00008000,6.35208640,1777908015659515,True,True
486672,79630.73000000,0.00008000,6.37045840,1777908056294576,False,True
486673,79650.98000000,0.00144000,114.69741120,1777908062125852,True,True
486674,79650.98000000,0.00110000,87.61607800,1777908062714932,True,True
486675,79650.98000000,0.00251000,199.92395980,1777908062717287,True,True
486676,79650.98000000,0.00122000,97.17419560,1777908062722003,True,True
486677,79567.15000000,0.00011000,8.75238650,1777908089347441,False,True
486678,79515.82000000,0.00008000,6.36126560,1777908096546571,True,True
486679,79401.08000000,0.00008000,6.35208640,1777908103420418,True,True
486680,79371.92000000,0.00003000,2.38115760,1777908103420418,True,True
486681,79462.29000000,0.00063000,50.06124270,1777908130609964,False,True
486682,79465.50000000,0.00063000,50.06326500,1777908130938986,False,True
486683,79588.40000000,0.00291000,231.60224400,1777908355041060,False,True
486684,79588.40000000,0.00291000,231.60224400,1777908355045752,False,True
486685,79604.96000000,0.00011000,8.75654560,1777908370463157,False,True
486686,79698.10000000,0.00461000,367.40824100,1777908449647168,True,True
486687,79649.16000000,0.00035000,27.87720600,1777908641507375,True,True
486688,79607.05000000,0.00063000,50.15244150,1777908738805369,True,True
486689,79515.82000000,0.00008000,6.36126560,1777908742535960,True,True
486690,79503.55000000,0.00063000,50.08723650,1777908782282544,True,True
486691,79582.42000000,0.00175000,139.26923500,1777908919561791,True,True
486692,79582.42000000,0.00175000,139.26923500,1777908919564653,True,True
486693,79582.42000000,0.00175000,139.26923500,1777908919570472,True,True
486694,79582.42000000,0.00175000,139.26923500,1777908919574409,True,True
486695,79582.42000000,0.00025000,19.89560500,1777908919606511,True,True
486696,79712.14000000,0.00012000,9.56545680,1777909157042770,True,True
486697,79771.04000000,0.00250000,199.42760000,1777909406768823,False,True
486698,79861.04000000,0.00008000,6.38888320,1777909473768282,False,True
486699,79831.72000000,0.01068000,852.60276960,1777909736623397,False,True
486700,79832.94000000,0.00441000,352.06326540,1777909736623397,False,True
486701,79769.25000000,0.00026000,20.74000500,1777909851018966,False,True
486702,79745.80000000,0.00008000,6.37966400,1777909873593339,True,True
486703,79682.00000000,0.00031000,24.70142000,1777909971279847,False,True
486704,79861.04000000,0.00008000,6.38888320,1777910085588031,False,True
486705,79953.89000000,0.00063000,50.37095070,1777910106732453,False,True
486706,79976.45000000,0.00008000,6.39811600,1777910106732453,False,True
486707,80070.89000000,0.00062000,49.64395180,1777910365809075,False,True
486708,79861.04000000,0.00008000,6.38888320,1777910872313760,True,True
486709,79745.80000000,0.00008000,6.37966400,1777910874820866,True,True
486710,79818.28000000,0.00626000,499.66243280,1777910919799568,True,True
486711,79744.95000000,0.00060000,47.84697000,1777910977238716,False,True
486712,79700.51000000,0.00120000,95.64061200,1777911250003052,False,True
486713,79861.04000000,0.00008000,6.38888320,1777911454022446,False,True
486714,79976.45000000,0.00008000,6.39811600,1777911547074721,False,True
486715,80075.01000000,0.00099000,79.27425990,1777911588478897,False,True
486716,80075.01000000,0.00100000,80.07501000,1777911588729407,False,True
486717,80075.01000000,0.00062000,49.64650620,1777911588740990,False,True
486718,80092.02000000,0.00008000,6.40736160,1777911588790906,False,True
486719,80201.90000000,0.00062000,49.72517800,1777911612838572,False,True
486720,80207.76000000,0.00008000,6.41662080,1777911612855151,False,True
486721,80323.67000000,0.00008000,6.42589360,1777911785231334,False,True
486722,80290.99000000,0.01480000,1188.30665200,1777911815377874,True,True
486723,80290.98000000,0.00062000,49.78040760,1777911815468149,True,True
486724,80190.70000000,0.01025000,821.95467500,1777912119781082,False,True
486725,80196.00000000,0.00062000,49.72152000,1777912119781082,False,True
486726,80201.74000000,0.01402000,1124.42839480,1777912119781082,False,True
486727,80149.28000000,0.00022000,17.63284160,1777912234930302,True,True
486728,80246.24000000,0.00063000,50.55513120,1777912337058614,False,True
486729,80235.77000000,0.00062000,49.74617740,1777912534313683,True,True
486730,80253.14000000,0.00062000,49.75694680,1777912686628478,False,True
486731,80253.14000000,0.00059000,47.34935260,1777912713102081,True,True
486732,80253.14000000,0.00001000,0.80253140,1777912714140471,True,True
486733,80217.05000000,0.00158000,126.74293900,1777913357486040,False,True
486734,80170.37000000,0.00081000,64.93799970,1777913471469395,False,True
486735,80150.51000000,0.00006000,4.80903060,1777913478867684,False,True
486736,80092.02000000,0.00008000,6.40736160,1777913636817506,True,True
486737,80092.02000000,0.00008000,6.40736160,1777913638300883,True,True
486738,80048.67000000,0.00074000,59.23601580,1777913751921776,True,True
486739,80000.01000000,0.00394000,315.20003940,1777913883739777,True,True
486740,80000.00000000,0.00393000,314.40000000,1777913883786872,True,True
486741,80000.00000000,0.00352000,281.60000000,1777913883794391,True,True
486742,80000.00000000,0.00099000,79.20000000,1777913883870162,True,True
486743,80000.00000000,0.00110000,88.00000000,1777913883931000,True,True
486744,80000.00000000,0.00099000,79.20000000,1777913883942148,True,True
486745,80000.00000000,0.00250000,200.00000000,1777913883956376,True,True
486746,80000.00000000,0.00100000,80.00000000,1777913883974464,True,True
486747,80000.00000000,0.00250000,200.00000000,1777913883976389,True,True
486748,80000.00000000,0.00097000,77.60000000,1777913883988326,True,True
486749,80207.76000000,0.00008000,6.41662080,1777914213140533,False,True
486750,80219.43000000,0.00020000,16.04388600,1777914213140533,False,True
486751,80283.83000000,0.00582000,467.25189060,1777914492992073,False,True
486752,80283.83000000,0.00138000,110.79168540,1777914494749126,True,True
486753,80305.59000000,0.00062000,49.78946580,1777914561184309,False,True
486754,80323.67000000,0.00008000,6.42589360,1777914617030337,False,True
486755,80342.83000000,0.00116000,93.19768280,1777914617030337,False,True
486756,80434.98000000,0.00233000,187.41350340,1777914647020968,False,True
486757,80436.40000000,0.01880000,1512.20432000,1777914647020968,False,True
486758,80397.01000000,0.00249000,200.18855490,1777914659678483,True,True
486759,80347.87000000,0.00024000,19.28348880,1777914785059894,False,True
486760,80465.56000000,0.00045000,36.20950200,1777915093124112,False,True
486761,80457.44000000,0.00185000,148.84626400,1777915109606900,True,True
486762,80409.59000000,0.00062000,49.85394580,1777915140554895,True,True
486763,80487.14000000,0.00134000,107.85276760,1777915539604499,False,True
486764,80487.14000000,0.00165000,132.80378100,1777915550596977,False,True
486765,80489.17000000,0.00080000,64.39133600,1777915550596977,False,True
486766,80328.38000000,0.00062000,49.80359560,1777916066601131,True,True
486767,80323.67000000,0.00008000,6.42589360,1777916067655527,True,True
486768,80277.78000000,0.00062000,49.77222360,1777916117974941,True,True
486769,80248.66000000,0.00019000,15.24724540,1777916117974941,True,True
486770,80316.31000000,0.00043000,34.53601330,1777916229158387,True,True
486771,80253.49000000,0.00027000,21.66844230,1777916449497607,True,True
486772,80282.04000000,0.00500000,401.41020000,1777916625026984,True,True
486773,80282.04000000,0.00415000,333.17046600,1777916779107890,False,True
486774,80282.04000000,0.00415000,333.17046600,1777916779108025,False,True
486775,80282.04000000,0.00415000,333.17046600,1777916779108118,False,True
486776,80439.75000000,0.00008000,6.43518000,1777917053922366,False,True
486777,80561.49000000,0.00022000,17.72352780,1777917101419726,True,True
486778,80530.28000000,0.00022000,17.71666160,1777917194064407,True,True
486779,80582.22000000,0.00062000,49.96097640,1777917234263542,False,True
486780,80600.00000000,0.00008000,6.44800000,1777917234301700,False,True
486781,80628.37000000,0.00062000,49.98958940,1777917234533703,False,True
486782,80672.40000000,0.00010000,8.06724000,1777917234919855,False,True
486783,80675.21000000,0.00062000,50.01863020,1777917235012383,False,True
486784,80710.34000000,0.00062000,50.04041080,1777917235515599,False,True
486785,80717.66000000,0.00050000,40.35883000,1777917235571003,False,True
486786,80555.99000000,0.00008000,6.44447920,1777917283946104,True,True
486787,80522.39000000,0.00062000,49.92388180,1777917283946104,True,True
486788,80439.75000000,0.00008000,6.43518000,1777917283956828,True,True
486789,80431.71000000,0.00018000,14.47770780,1777917283956828,True,True
486790,80434.87000000,0.01241000,998.19673670,1777917284294632,True,True
486791,80434.87000000,0.01241000,998.19673670,1777917284370748,True,True
486792,80434.87000000,0.00122000,98.13054140,1777917284371008,True,True
486793,80434.87000000,0.00122000,98.13054140,1777917284374237,True,True
486794,80434.87000000,0.00122000,98.13054140,1777917284374253,True,True
486795,80472.07000000,0.00122000,98.17592540,1777917284396135,True,True
486796,80439.75000000,0.00008000,6.43518000,1777917298014454,True,True
486797,80388.68000000,0.01409000,1132.67650120,1777917593098374,True,True
486798,80386.89000000,0.00062000,49.83987180,1777917593229062,True,True
486799,80377.75000000,0.00485000,389.83208750,1777917809672610,True,True
486800,80323.86000000,0.00245000,196.79345700,1777918108196095,True,True
486801,80377.21000000,0.00248000,199.33548080,1777918128131520,False,True
486802,80323.17000000,0.00261000,209.64347370,1777918513205939,True,True
486803,80289.62000000,0.00099000,79.48672380,1777918624879613,False,True
486804,80301.65000000,0.00086000,69.05941900,1777918624879613,False,True
486805,80247.00000000,0.00070000,56.17290000,1777918804775702,False,True
486806,80247.00000000,0.00029000,23.27163000,1777918811180926,False,True
486807,80248.05000000,0.00017000,13.64216850,1777918827523109,False,True
486808,80163.70000000,0.00292000,234.07800400,1777919251743522,False,True
486809,80184.88000000,0.00017000,13.63142960,1777919315197735,False,True
486810,80241.48000000,0.00300000,240.72444000,1777919491754588,False,True
486811,80249.02000000,0.00149000,119.57103980,1777919582003693,False,True
486812,80215.57000000,0.00541000,433.96623370,1777919871409035,False,True
486813,80112.06000000,0.00024000,19.22689440,1777920697547802,False,True
486814,80100.49000000,0.00008000,6.40803920,1777920741170828,True,True
486815,80111.01000000,0.00233000,186.65865330,1777921292909324,False,True
486816,80094.16000000,0.00397000,317.97381520,1777921423845567,False,True
486817,79955.36000000,0.00063000,50.37187680,1777921531452152,True,True
486818,79950.16000000,0.00008000,6.39601280,1777921531452152,True,True
486819,79934.32000000,0.00039000,31.17438480,1777921531452152,True,True
486820,80019.52000000,0.00007000,5.60136640,1777921937869847,True,True
486821,80078.49000000,0.00039000,31.23061110,1777921983466807,False,True
486822,79952.70000000,0.00181000,144.71438700,1777922659413548,False,True
486823,79952.70000000,0.00036000,28.78297200,1777922665023996,False,True
486824,79934.83000000,0.00126000,100.71788580,1777922716214333,True,True
486825,79956.38000000,0.00025000,19.98909500,1777922732516253,False,True
486826,79939.32000000,0.00125000,99.92415000,1777922982622987,False,True
486827,79955.59000000,0.00063000,50.37202170,1777923379068535,False,True
486828,79897.55000000,0.00242000,193.35207100,1777923590768263,False,True
486829,79930.75000000,0.00266000,212.61579500,1777923730146672,False,True
486830,79957.08000000,0.00084000,67.16394720,1777923871487503,False,True
486831,80004.04000000,0.00062000,49.60250480,1777924654218127,False,True
486832,80043.77000000,0.00062000,49.62713740,1777924681109707,False,True
486833,79988.55000000,0.00290000,231.96679500,1777924943721843,False,True
486834,79990.57000000,0.00168000,134.38415760,1777924943721843,False,True
486835,79990.57000000,0.00018000,14.39830260,1777925215194517,False,True
486836,79994.21000000,0.00241000,192.78604610,1777925321422984,False,True
486837,80016.01000000,0.00530000,424.08485300,1777925396090269,False,True
486838,80077.00000000,0.00020000,16.01540000,1777925798217713,False,True
486839,79950.16000000,0.00008000,6.39601280,1777925992633750,True,True
486840,79960.20000000,0.00063000,50.37492600,1777926158617470,False,True
486841,79897.55000000,0.00020000,15.97951000,1777927146588543,True,True
486842,79957.39000000,0.00063000,50.37315570,1777927750767607,False,True
486843,79999.62000000,0.00602000,481.59771240,1777928526259142,False,True
486844,80120.82000000,0.00083000,66.50028060,1777929314039234,False,True
486845,80095.25000000,0.00021000,16.82000250,1777929699166955,False,True
486846,80138.25000000,0.00062000,49.68571500,1777929807086476,False,True
486847,80251.09000000,0.00008000,6.42008720,1777929865477945,False,True
486848,80252.65000000,0.00161000,129.20676650,1777931175956705,False,True
486849,80291.30000000,0.00018000,14.45243400,1777931704287501,False,True
486850,80272.06000000,0.00062000,49.76867720,1777932005752547,False,True
486851,80310.90000000,0.00062000,49.79275800,1777932010369259,False,True
486852,80353.23000000,0.00720000,578.54325600,1777932113034436,False,True
486853,80294.74000000,0.00318000,255.33727320,1777932389345498,False,True
486854,80294.74000000,0.00119000,95.55074060,1777932621932449,True,True
486855,80294.74000000,0.00001000,0.80294740,1777932621932660,True,True
486856,80359.73000000,0.00840000,675.02173200,1777932907402003,False,True
486857,80309.46000000,0.00215000,172.66533900,1777933035355634,False,True
486858,80251.80000000,0.00018000,14.44532400,1777933832286551,False,True
486859,80129.07000000,0.00062000,49.68002340,1777934087768632,True,True
486860,80129.07000000,0.00018000,14.42323260,1777934129474776,False,True
486861,80137.71000000,0.00179000,143.44650090,1777934129476419,False,True
486862,80137.71000000,0.00179000,143.44650090,1777934129476745,False,True
486863,80137.71000000,0.00179000,143.44650090,1777934129477065,False,True
486864,80143.26000000,0.00029000,23.24154540,1777934410678093,False,True
486865,80126.00000000,0.00121000,96.95246000,1777934479862152,False,True
486866,80100.49000000,0.00008000,6.40803920,1777935286135683,True,True
486867,79950.16000000,0.00008000,6.39601280,1777935996517328,True,True
486868,79872.26000000,0.00208000,166.13430080,1777936447817347,True,True
486869,79932.55000000,0.00298000,238.19899900,1777936519054989,False,True
486870,79932.56000000,0.00100000,79.93256000,1777936523546519,True,True
486871,79932.56000000,0.00100000,79.93256000,1777936523569482,True,True
486872,79932.56000000,0.00099000,79.13323440,1777936523590659,True,True
486873,79932.56000000,0.00099000,79.13323440,1777936523610176,True,True
486874,79932.56000000,0.00100000,79.93256000,1777936523631343,True,True
486875,79932.56000000,0.00048000,38.36762880,1777936523653456,True,True
486876,79907.44000000,0.00063000,50.34168720,1777936794180857,False,True
486877,79792.45000000,0.00063000,50.26924350,1777937560296689,True,True
486878,79765.66000000,0.00006000,4.78593960,1777938187822407,False,True
486879,79783.67000000,0.00007000,5.58485690,1777938590726268,False,True
486880,79783.67000000,0.00094000,74.99664980,1777938590727340,False,True
486881,79783.67000000,0.00094000,74.99664980,1777938590727499,False,True
486882,79783.67000000,0.00094000,74.99664980,1777938590727616,False,True
486883,79796.94000000,0.00063000,50.27207220,1777938646504780,False,True
486884,79851.89000000,0.00022000,17.56741580,1777938977457939,False,True
